model,params,acc,f1,auc,infer_ms
TinyCNN,457539.0,0.9456521739130435,0.9271252097339054,0.98693102376853,27.13096015213523
ResNet18,11304003.0,0.9347826086956522,0.9029001736533749,0.9840823572529759,433.60275135858933
ViT-B16 (frozen+head),85800963.0,0.9565217391304348,0.9460335621662853,0.9912550645978687,95.58380888041069
CNN-3Layer,8482883.0,0.9021739130434783,0.8530823786142935,0.9678777115356141,15.840471467368923
SVM,,0.8260869565217391,0.7483671434675565,0.8665853048026838,6.697620021757599
Random Forest,,0.9130434782608695,0.8828678232738799,0.9655064195637046,0.1361974674459223
